{"north": 26.895832061767578, "south": 25.104164123535156, "east": -81.22916412353516, "west": -83.97916412353516}