{"north": 26.437498092651367, "south": 25.562498092651367, "east": -81.3125, "west": -82.6875}