{"north": 26.895832061767578, "south": 25.104164123535156, "east": -83.64582824707031, "west": -86.35416412353516}